PlayerId|Position|Player|Salary
1|SF|Trevor Ariza|5543.6097855006
2|PF|Trevor Booker|4574.85354863661
3|PF/C|Emeka Okafor|3264.92994311918
4|SG|Bradley Beal|7787.60995812429
5|PG|A.J. Price|NA
6|PF|Jan Vesely|NA
7|SF|Martell Webster|NA
8|SG|Jordan Crawford|4066.35493612918
9|SF|Chris Singleton|NA
10|PG|Jannero Pargo|NA
11|C/PF|Earl Barron|NA
12|SG/SF|Alonzo Gee|2933.47974456847
13|PF/C|Tristan Thompson|4556.40348852662
14|PF/C|Anderson Varejao|3267.85845109262
15|SG|Dion Waiters|5780.36944471165
16|PG|Kyrie Irving|8008.31305270037
17|SG/SF|CJ Miles|3748.41371561972
18|C|Tyler Zeller|3242.28249125232
19|PG|Daniel Gibson|NA
20|PF|Luke Walton|NA
21|PG|Donald Sloan|NA
22|SF|Paul Pierce|2989.0760292561
23|PF|Brandon Bass|2841.94735565065
24|PF|Kevin Garnett|NA
25|SG|Courtney Lee|4764.4119019849
26|PG|Rajon Rondo|5129.18211849531
27|PF|Jared Sullinger|3149.57607700489
28|PG/SG|Jason Terry|2900.90010825009
29|SF|Jeff Green|3976.21734687181
30|PG/SG|Leandro Barbosa|3031.63158980045
31|SG/SF|LeBron James|9709.7672593578
32|SF|Shane Battier|NA
33|C|Chris Bosh|NA
34|PG/SG|Dwyane Wade|6358.39253638818
35|PG|Mario Chalmers|4403.65493655274
36|SG|Ray Allen|NA
37|PF|Udonis Haslem|3018.27391795814
38|SF|Rashard Lewis|NA
39|PG|Norris Cole|2635.75893975794
40|SF|Mike Miller|3172.61435589753
41|SF|Shawn Marion|NA
42|PF|Elton Brand|NA
43|PF|Brandan Wright|3243.50049280472
44|SG|O.J. Mayo|NA
45|PG|Darren Collison|5801.22016198153
46|SF/SG|Vince Carter|3186.62061799291
47|C|Eddy Curry|NA
48|SF|Jae Crowder|5192.14846098465
49|PG|Rodrigue Beaubois|NA
50|SG/SF|Dahntay Jones|1958.75774715096
51|SF|Metta World Peace|2740.41466120705
52|C/PF|Pau Gasol|5127.68915542667
53|PF/C|Dwight Howard|6628.03681495638
54|SG|Kobe Bryant|NA
55|PG|Steve Nash|NA
56|PG|Steve Blake|NA
57|SG|Jodie Meeks|3348.55625217334
58|SF|Antawn Jamison|NA
59|PF/C|Jordan Hill|3087.50573163852
60|SG|Gerald Green|3644.68626413629
61|PF|David West|3525.58794280732
62|C|Roy Hibbert|3272.4631361543
63|SG/SF|Paul George|8304.36573729673
64|PG|George Hill|5644.27037294023
65|PF|Tyler Hansbrough|NA
66|SF|Sam Young|NA
67|PG|D.J. Augustin|3861.00087162107
68|C|Ian Mahinmi|3398.3041340536
69|SG|Lance Stephenson|4247.52661150968
70|SG/SF|Landry Fields|NA
71|PF/C|Andrea Bargnani|NA
72|C|Jonas Valanciunas|5746.31133716081
73|SG|DeMar DeRozan|7947.66229233501
74|PG|Kyle Lowry|8428.683373181
75|SG/SF|Terrence Ross|4099.84840492345
76|PF|Ed Davis|3766.33083653443
77|SG/PG|Jose Calderon|3343.19847025228
78|SF/PF|Amir Johnson|3809.09974353202
79|SF/SG|Alan Anderson|2715.36026867107
80|C|Aaron Gray|NA
81|PG|John Lucas III|3070.96407646313
82|SF/G-F|Jordan Hamilton|NA
83|PF|Kenneth Faried|4224.06037977386
84|C|Kosta Koufos|3780.59596986805
85|SG/SF|Andre Iguodala|4372.24560145266
86|PG|Ty Lawson|4508.82160371473
87|PG|Andre Miller|NA
88|SF|Corey Brewer|3216.16865786663
89|C|JaVale McGee|3180.68618836367
90|SF|Wilson Chandler|5755.13987208108
91|SG|Evan Fournier|5419.09662834601
92|SG|Evan Turner|4124.60190484562
93|PF|Thaddeus Young|5966.575982361
94|PF|Lavoy Allen|3231.99143261416
95|SG/G|Jason Richardson|NA
96|PG|Jrue Holiday|6581.80941114861
97|C/PF|Spencer Hawes|3576.16215259245
98|SF|Dorell Wright|NA
99|SG|Nick Young|3616.87103094912
100|PG|Maalik Wayns|NA
101|SF/SG|Damien Wilkins|3053.8798218593
102|SF|Chandler Parsons|3589.60946207686
103|PF/SF|Marcus Morris|5463.52899484755
104|C|Omer Asik|3047.14192832386
105|SG/PG|James Harden|10693.3425102926
106|PG|Jeremy Lin|6302.18359165875
107|SG|Carlos Delfino|NA
108|C/PF|Greg Smith|NA
109|PG/G|Toney Douglas|3107.46363805385
110|SG|Daequan Cook|NA
111|SF|Tayshaun Prince|NA
112|PF|Jason Maxiell|NA
113|C/PF|Greg Monroe|4662.84403841897
114|PG|Rodney Stuckey|3309.04757304165
115|PG/SG|Brandon Knight|4531.90163335039
116|SG|Kim English|NA
117|PF|Jonas Jerebko|3253.34905509671
118|SF|Kyle Singler|2998.36942653482
119|PG|Will Bynum|NA
120|C|Andre Drummond|8499.92935292662
121|PF|James Johnson|5376.71633120105
122|PF|Jason Thompson|NA
123|C|DeMarcus Cousins|10420.1379038463
124|SG/SF|Tyreke Evans|6245.11210633024
125|PG|Isaiah Thomas|7549.43090228003
126|SG|Marcus Thornton|3151.27179329636
127|PF|Thomas Robinson|3425.12439503723
128|PG|Aaron Brooks|3040.75502391081
129|SF|Francisco Garcia|NA
130|C|Charles Hayes|NA
131|PG|Jimmer Fredette|NA
132|SF|Luol Deng|3816.26901425291
133|PF|Carlos Boozer|NA
134|C|Joakim Noah|4435.10736659749
135|SG|Richard Hamilton|NA
136|PG/SG|Kirk Hinrich|NA
137|PF|Taj Gibson|4945.36276382009
138|PG/SG|Marco Belinelli|3824.57310215042
139|PG|Nate Robinson|NA
140|SG/SF|Jimmy Butler|8291.38966445082
141|C|Nazr Mohammed|NA
142|SF|Kawhi Leonard|7954.90043651038
143|PF|Tim Duncan|NA
144|SG/PF|Boris Diaw|3063.66466958214
145|SG|Danny Green|4306.83530270679
146|PG|Tony Parker|4536.01166718392
147|SF|Stephen Jackson|NA
148|C/PF|Matt Bonner|NA
149|C|Tiago Splitter|3058.83630593307
150|SG|Gary Neal|2950.26394785382
151|PG|Patty Mills|4331.99063106897
152|SF|Al-Farouq Aminu|5187.05672833298
153|PF|Anthony Davis|9762.30208876077
154|C|Robin Lopez|4621.9957435627
155|SG|Austin Rivers|4510.39959312237
156|SG/PG|Greivis Vasquez|3085.3069242835
157||Roger Mason Jr.|NA
158|PF|Ryan Anderson|5168.71698677644
159|PF/C|Jason Smith|2861.96250992827
160|SF|Darius Miller|3627.85300115744
161|PG|Brian Roberts|2745.28826745227
162|C|Bernard James|NA
163|PG|Dominique Jones|NA
164|SG|Jared Cunningham|NA
165|PF|Marvin Williams|4536.71946465835
166|PF|Paul Millsap|7418.43679164711
167|PF/C|Al Jefferson|3172.74641566782
168|SF|Gordon Hayward|7214.01697413832
169|SG/PG|Mo Williams|NA
170|PG|Jamaal Tinsley|NA
171|PF|Derrick Favors|5385.12402908163
172|PG/SG|Randy Foye|3251.83764793269
173|C|Enes Kanter|6005.6337360241
174|SF|DeMarre Carroll|5016.63709186308
175|SG|Kevin Murphy|NA
176|SG|Alec Burks|3462.41594219891
177|SF|Jeremy Evans|NA
178|SF|Harrison Barnes|5677.03326223995
179|SF/PF|David Lee|4219.39580649425
180|PF/C|Andrew Bogut|3696.61554293688
181|SG|Klay Thompson|7255.74796664057
182|PG|Stephen Curry|9711.42179244799
183|C|Festus Ezeli|NA
184|SG|Brandon Rush|2909.67829380422
185|SG/PG|Jarrett Jack|4356.88189195469
186|PF|Carl Landry|NA
187|SF|Richard Jefferson|2860.46639156922
188|SF/PF|Draymond Green|8119.81955282631
189|PF/F/SF|Michael Beasley|4399.55951811497
190|PF|Luis Scola|2788.35193855688
191|C|Marcin Gortat|4959.43818474188
192|PF/SG|Jared Dudley|3659.79962712228
193|PG/SG|Goran Dragic|7633.79908768206
194|PF|Markieff Morris|5346.04287479021
195|C|Jermaine O'Neal|NA
196|SG|Shannon Brown|NA
197|PG|Sebastian Telfair|NA
198|SF|PJ Tucker|3557.79520076678
199|SF|Rudy Gay|5807.86589704454
200|PF|Zach Randolph|6141.84347135169
201|C|Marc Gasol|7012.68556420262
202|SG|Tony Allen|4397.61401284366
203|PG|Mike Conley|7730.86118293211
204|PG|Jerryd Bayless|3568.27174997889
205|C/PF|Marreese Speights|3210.55339939253
206|SG|Wayne Ellington|4023.23070413971
207|SF/SG|Quincy Pondexter|3170.57973207298
208|SF|Caron Butler|NA
209|PF|Blake Griffin|8188.87254382941
210|C|DeAndre Jordan|7316.72331257154
211|SG|Willie Green|NA
212|PG|Chris Paul|8619.01902074901
213|C|Ryan Hollins|NA
214|PG/SG|Jamal Crawford|4295.38238686086
215|PG|Eric Bledsoe|7860.95297896159
216|C|Ronny Turiaf|NA
217|SF|Lamar Odom|NA
218|SG|Devin Ebanks|NA
219|PG|Chris Duhon|NA
220|C|Robert Sacre|NA
221|SF/SG|Nicolas Batum|6762.10016770739
222|C/PF|LaMarcus Aldridge|6577.81226193266
223|C|JJ Hickson|NA
224|SG|Wesley Matthews|4557.7847155891
225|PG|Damian Lillard|9324.62472638321
226|PG|Nolan Smith|NA
227|SF|Sasha Pavlovic|NA
228|C/PF|Meyers Leonard|3018.75493412847
229|SF|Jared Jeffries|NA
230|PF|Serge Ibaka|5193.08571490414
231|SG/SF|Kevin Durant|9284.43204211959
232|C|Kendrick Perkins|NA
233|SG/SF|Thabo Sefolosha|3920.3494391469
234|PG|Russell Westbrook|11110.2992083806
235|C/PF|Nick Collison|3106.83332900517
236|PG/SG|Kevin Martin|NA
237|C|Hasheem Thabeet|NA
238|PG|Eric Maynor|NA
239|PG|Reggie Jackson|5221.81379080218
240|PF|DeJuan Blair|NA
241|SF|Michael Kidd-Gilchrist|4749.35181511049
242|PF|Byron Mullens|NA
243|C|Brendan Haywood|NA
244|SG|Gerald Henderson|3279.27022151235
245|PG|Kemba Walker|8187.40905660098
246|PF|Tyrus Thomas|NA
247|C|Bismack Biyombo|4320.04646794781
248|PG|Ramon Sessions|3384.26856775295
249|SG|Ben Gordon|NA
250|SF/F|Reggie Williams|2706.60562575795
251|SG/SF|Danilo Gallinari|5619.37531999638
252|SF|Hedo Turkoglu|NA
253|C/PF|Glen Davis|NA
254|C|Nikola Vucevic|6309.73089842656
255|SG|Arron Afflalo|3487.54708720086
256|PG|Jameer Nelson|4151.39603855196
257|SG|JJ Redick|4902.30322026374
258|PF|Josh McRoberts|3245.74853389058
259|PG/SG|E'Twaun Moore|4057.42079245666
260|PG|Ish Smith|4123.54396739581
261|PF|Andrew Nicholson|3034.94671994146
262|C/PF|Kyle O'Quinn|3813.53638223379
263|SF/PF|Tobias Harris|6617.19101582851
264|PG|Luke Ridnour|NA
265|PG|Ricky Rubio|6056.57979841467
266|C|Greg Stiemsma|NA
267|SF|Chase Budinger|NA
268|PG|Jose Juan Barea|NA
269|SG|Alexey Shved|NA
270|PF/SF|Dante Cunningham|3146.01342242215
271|SF|Mickael Gelabale|NA
272|C/SF|Chris Johnson|NA
273|SG/SF|Wesley Johnson|3156.02857575525
274|C|Hamed Haddadi|NA
275|PG|Kendall Marshall|NA
276|PG|Diante Garrett|NA
277|PF/C|Nene|3703.77538067539
278|C|Jason Collins|NA
279|SG|Garrett Temple|4003.12731187276
280|PG|John Wall|9524.53377488535
281|PF/C|Kevin Seraphin|2970.59566631193
282|SF|Cartier Martin|NA
283|PF|Earl Clark|NA
284|SG/PF|Khris Middleton|6619.5323028184
285|PF|Charlie Villanueva|NA
286|SG|Lou Williams|6375.02434205708
287|SG|John Jenkins|2981.65062186308
288|PG|Shelvin Mack|3776.88081997791
289|PF|Mike Scott|3178.59675459976
290|PF|Pero Antic|NA
291|SF/PF|Josh Smith|2915.21756043658
292|SG|Kentavious Caldwell-Pope|4943.07852819139
293|PG|Brandon Jennings|3603.0347251369
294|SG|Chauncey Billups|NA
295|PF|Josh Harrellson|NA
296|PG/SG|Avery Bradley|5438.95472631899
297|PF|Kris Humphries|2885.48118964181
298|SF|Gerald Wallace|NA
299|C|Kelly Olynyk|4085.69595836924
300|PG|Phil Pressey|NA
301|C|Vitor Faverani|NA
302|SF|Otto Porter|NA
303|C|Brook Lopez|6305.90442209454
304|SG/SF|Joe Johnson|4045.85868753625
305|PG|Deron Williams|4856.62066396583
306|PF|Andray Blatche|NA
307|PG|Shaun Livingston|3117.44506547878
308|PF|Mirza Teletovic|3393.98067932778
309|PF|Reggie Evans|NA
310|SF|Carmelo Anthony|7328.45995438402
311|SG|J.R. Smith|NA
312|C|Tyson Chandler|4191.5697682492
313|PG|Beno Udrih|3190.69832344731
314|PG/SG|Iman Shumpert|3796.5351560615
315|SG|Tim Hardaway Jr.|5269.39307471272
316|PG|Toure Murry|NA
317|PF|Ersan Ilyasova|4459.91571596609
318|PF/C|John Henson|4233.8675248068
319|SF/SG/PF|Giannis Antetokounmpo|10082.0491830315
320|PG|Nate Wolters|2832.9335491173
321|C/PF|Ekpe Udoh|3283.67519278652
322|PF/C|Joel Freeland|NA
323|C/PF|Kevin Love|7572.73363434545
324|C|Nikola Pekovic|NA
325|PF|Luc Mbah a Moute|3566.6919245728
326|PF|Jon Leuer|4338.32594749495
327|SG|Nick Calathes|NA
328|SG/G|Jamaal Franklin|NA
329|PF|Dirk Nowitzki|5533.75426194161
330|SG|Monta Ellis|4221.81271418338
331|PG|Shane Larkin|3497.23442051923
332|C|Samuel Dalembert|NA
333|PG|Gal Mekel|NA
334|PG/SG|Cory Joseph|3775.75510351665
335|SG|Manu Ginobili|3632.0411799528
336|C/PF|Jeff Ayres|NA
337|C/PF|Channing Frye|3562.74662162774
338|C|Miles Plumlee|3434.31786311885
339|SG|Archie Goodwin|3218.30436318181
340|SF|Mike Dunleavy|2910.74228857355
341|PG|Marquis Teague|NA
342|SG/SF|Tony Snell|3219.64215102373
343|C|Erik Murphy|NA
344|PF|Terrence Jones|4777.00613693231
345|PG/SG|Patrick Beverley|5568.74024225505
346|SF|Omri Casspi|3267.13650085026
347|SG|Ronnie Brewer|NA
348|SG|Eric Gordon|4973.25156939362
349|SG|Anthony Morrow|2856.0611764458
350|C|Steven Adams|5246.22743727308
351|SF/SG|Jeremy Lamb|4393.23121814057
352|PG|Derek Fisher|NA
353|SF|Perry Jones|NA
354|PF/SG/SF|Andre Roberson|3825.70479026706
355|C|Aron Baynes|3849.08062650574
356|SG|Nando De Colo|NA
357|SG/SF|Kent Bazemore|4764.89032962782
358|PF/C|Mason Plumlee|4973.24019462785
359|SF/SG|Hollis Thompson|3333.41797823982
360|PG|Michael Carter-Williams|3440.89504052518
361|SG|Tony Wroten|NA
362|SF/SG|James Anderson|NA
363|PF|Brandon Davies|NA
364|PG|Trey Burke|3299.46076920972
365||Michael Harris|NA
366|C|Al Horford|7462.11624929139
367|SF/SG|Kyle Korver|3392.54872010669
368|PG|Jeff Teague|7154.13249144462
369|PG|Dennis Schroder|6925.79254886174
370|C|Miroslav Raduljica|NA
371|PG|Darius Morris|NA
372|SF|Danny Granger|NA
373|SG|Orlando Johnson|NA
374|PF|Quincy Acy|3018.29809887335
375|SG|James White|NA
376|PG|Raymond Felton|3420.8512497553
377|PG|Jason Kidd|NA
378|PF|Amar'e Stoudemire|NA
379|SF/PF|Steve Novak|2819.61889020167
380|PF|Donatas Motiejunas|2877.42362076143
381|PF|Hakim Warrick|NA
382|PF|Jeff Adrien|NA
383|C|Zaza Pachulia|3248.68986051078
384|PG|Devin Harris|3193.74983678298
385|PF|Ivan Johnson|NA
386|C|Johan Petro|NA
387|PF|Anthony Tolliver|3617.1071307037
388|PF|Kevin Jones|NA
389|PG|Jeremy Pargo|NA
390|C|Larry Sanders|3165.39624435827
391|PF|Patrick Patterson|3539.7779380266
392|PF/SF-PF|Lance Thomas|3180.85745314602
393|SF|Andrei Kirilenko|NA
394|PF/SF|Derrick Williams|2962.3734341495
395|SF|Lazar Hayward|NA
396|PF|Lou Amundson|NA
397|SF/SG|DeAndre Liggins|3211.44901784914
398|SF|DeQuan Jones|NA
399|SF|Maurice Harkless|4458.14892411531
400|C|Chris Kaman|NA
401|PG|Mike James|4348.89371691453
402|SF|Matt Barnes|4116.5954664042
403|PF|Darrell Arthur|3302.22351921289
404|PG|Charles Jenkins|NA
405|C|Andris Biedrins|NA
406|PF/SF|Chris Copeland|NA
407|C|Marcus Camby|NA
408|PG|Pablo Prigioni|NA
409|PF|Kurt Thomas|NA
410|PG/SF|John Salmons|NA
411|PF/C|Joel Anthony|3048.40764333282
412|SF|Luke Babbitt|3053.41665769241
413|PG|Ronnie Price|3018.75599082559
414|SF|Jeff Taylor|NA
415|SG|Glen Rice Jr.|NA
416|PF|Kenyon Martin|NA
417|C|Cole Aldrich|3234.66849655802
418|SF|Tornike Shengelia|NA
419|SF|Reggie Bullock|3459.39964416544
420|PG|Dwight Buycks|3019.97861649672
421|SG|Ben McLemore|3321.80075741683
422||Hamady Ndiaye|NA
423|PF|Travis Outlaw|NA
424|SF|Gigi Datome|NA
425|SF|Tony Mitchell|NA
426|SG|Peyton Siva|NA
427|SG/SF|Xavier Henry|NA
428|SG/SF|Shawne Williams|NA
429|PG|Jordan Farmar|3181.54593841173
430|PG|Tyshawn Taylor|NA
431|C/PF|Cody Zeller|4673.69493836382
432|PG|Derrick Rose|5610.73644686583
433|C|Timofey Mozgov|3457.35070717211
434|C|Ognjen Kuzmic|NA
435|SG|Nemanja Nedovic|NA
436|C|Dewayne Dedmon|3725.40041614546
437|C|Rudy Gobert|6844.9503745652
438|SG|Ian Clark|2968.4121202356
439|SF|Robbie Hummel|NA
440|PF|Gustavo Ayon|NA
441|SF|James Jones|2858.66896044463
442|C|Chris Andersen|3086.72558194958
443|PG|Royal Ivey|NA
444|C|Alex Len|3884.4943567412
445|PG|CJ Watson|NA
446|SF/PF|Anthony Bennett|3076.05654167477
447|SG/PG|Matthew Dellavedova|4050.77821563569
448|C|Henry Sims|NA
449|C|Jeremy Tyler|NA
450|PF|Chris Wilcox|NA
451|SF|Terrence Williams|NA
452|C|Fab Melo|NA
453|PF|Vladimir Radmanovic|NA
454|SF|Grant Hill|NA
455|C|Viacheslav Kravtsov|NA
456|PG|Ben Hansbrough|NA
457|SF|Keith Bogans|NA
458|SG|MarShon Brooks|NA
459|SG|DeShawn Stevenson|NA
460|SF|Austin Daye|NA
461|PF|Shavlik Randolph|NA
462||DJ White|NA
463|PF|Juwan Howard|NA
464|PF|Solomon Jones|NA
465|PF|Daniel Orton|NA
466|PF|Al Harrington|NA
467|SG/PG|Julyan Stone|3189.32804879732
468|SG|Ricky Ledo|NA
469|PF|Ryan Gomes|NA
470|C/PF|Gorgui Dieng|4991.34290249486
471|SG/SF|Shabazz Muhammad|3658.8129660527
472|SG|Will Barton|5873.95460944127
473|SF|Victor Claver|NA
474|SG|Allen Crabbe|4565.74167266368
475|PF|Anthony Randolph|NA
476|SF|Dionte Christmas|NA
477|SF/SG|Sergey Karasev|NA
478|PG|Ray McCallum|NA
479|PG/G|Lorenzo Brown|3083.75548096374
480|SG|Elliot Williams|NA
481|C|Andrew Bynum|NA
482|C|Jeff Withey|2985.45113101018
483|PF|Ryan Kelly|3212.6399982255
484|SF|Elias Harris|NA
485|PG/SG|Victor Oladipo|6523.4140673439
486|SG|Doron Lamb|NA
487|SG|Malcolm Lee|NA
488|SF|Josh Howard|NA
489|PF|Rasheed Wallace|NA
490|PG|Josh Selby|NA
491|C|Luke Zeller|NA
492|SG|Darius Johnson-Odom|NA
493|SG|Dominic McGuire|NA
494|PF|Linas Kleiza|NA
495|PF|Troy Murphy|NA
496|SG|Marquis Daniels|NA
497|PF|Malcolm Thomas|NA
498|SG|Jerry Stackhouse|NA
499|SF|Damion James|NA
500|SF|Solomon Hill|3308.98715852073
501|SG/SF|Rasual Butler|NA
502|SG|Josh Childress|NA
503|PF|Samardo Samuels|NA
504|C|Dexter Pittman|NA
505|PG|Earl Watson|NA
506|PF|Kwame Brown|NA
507|C|DeSagana Diop|NA
508|SG|Chris Douglas-Roberts|NA
509|C|Darko Milicic|NA
510|SF|Kris Joseph|NA
511|PF|Drew Gooden|NA
512|PG|Keyon Dooling|NA
513|SG|Terrel Harris|NA
514|PF|Jarvis Varnado|NA
515|SF|James Nunnally|NA
516|PF/C|Alexis Ajinca|3011.64852700936
517|PF/C|Mike Muscala|3510.9459269162
518|SG|Chris Babb|NA
519|SF|Chris Wright|NA
520|SF|Corey Maggette|NA
521|C|Joel Przybilla|NA
522|PF/C|Arinze Onuaku|3057.71963191219
523|PF|Quincy Miller|NA
524|PG|Will Conroy|NA
525|PG|Cory Higgins|NA
526|PF|Arnett Moultrie|NA
527|PG|Scott Machado|NA
528|PG|Mickael Pietrus|NA
529|PG/SG|Isaiah Canaan|3401.88917159546
530|SG|CJ McCollum|6686.24564412915
531|SG|Justin Holiday|4389.75713626806
532|C|Tim Ohlbrecht|NA
533|PF|Joey Dorsey|NA
534|SF|Damjan Rudez|2838.4476439096
535|PF|Nikola Mirotic|5549.18920249056
536|SF|Doug McDermott|3335.59984076049
537|SF|Joe Ingles|3979.52856850778
538|PG|Dante Exum|2915.64338985225
539|SF|Tyler Honeycutt|NA
540|C|Greg Oden|NA
541|SG/PG|Manny Harris|2856.31331582554
542|SF|Robert Covington|5591.77935055915
543|PG|Chris Quinn|NA
544|SG|Brandon Roy|NA
545|SG|Matt Carroll|NA
546|SG|Othyus Jeffers|NA
547|SG|Quentin Richardson|NA
548|SF|Tracy McGrady|NA
549|SG|Andrew Goudelock|NA
550|PG|Josh Akognon|NA
551|PF|JaMychal Green|4255.24727296807
552|SG|Jordan Adams|NA
553|PG|Marcus Smart|5549.84901481442
554|SF/SG|Kyle Anderson|3945.24419173682
555|SG|Nik Stauskas|3684.0302520681
556|C|Hilton Armstrong|NA
557|SG|Carrick Felix|NA
558|PG|Chris Smith|NA
559|PF|Dwayne Jones|NA
560|SF|DaJuan Summers|NA
561|PG/G|Seth Curry|4946.94937089924
562|SF|Bojan Bogdanovic|4789.85290523453
563|PF|Cory Jefferson|NA
564|SF|Kostas Papanikolaou|NA
565|SG|Troy Daniels|3476.36954616012
566|SG/SF|Andrew Wiggins|7177.73829206962
567|PG/SG|Zach LaVine|5816.04726916348
568|SG/G|Vander Blue|2815.14832810499
569|PG|Justin Dentmon|NA
570|SF|Travis Wear|2817.43430740666
571|PF|Adreian Payne|2837.57876238421
572|SG|Glenn Robinson|NA
573|F|James Southerland|NA
574|SG|Joe Harris|3634.12214386601
575|PG|Elfrid Payton|6019.26678652906
576|SG|Markel Brown|2706.24418202788
577|SG|CJ Wilcox|3104.9083576072
578|G/PG|Tim Frazier|3998.58176151857
579|SF|James Ennis|NA
580|PG|Shabazz Napier|3412.46685156919
581|PF/C|Tarik Black|2983.82319053026
582|SF|Jabari Parker|5797.30909956311
583|PF/SF|Aaron Gordon|6054.7393402047
584|PG|Lester Hudson|NA
585|SF|Cleanthony Early|NA
586|PF|Nerlens Noel|4933.8054824447
587|SG/SF|KJ McDaniels|3345.71668473945
588|C|Drew Gordon|NA
589|SG|PJ Hairston|NA
590|PG/SG|Jordan Clarkson|4977.36081083034
591|C|Justin Hamilton|3538.45755284347
592||DJ Stephens|NA
593|PG|Jorge Gutierrez|NA
594|PG|Tyler Ennis|3118.75348745612
595|PF|Johnny O'Bryant|NA
596|SG|Lamar Patterson|3117.75417476892
597|C|Hassan Whiteside|7313.88161040039
598|SG|Tyler Johnson|5179.736288816
599|SF|Justise Winslow|4138.06745433581
600|SF|Mario Hezonja|3567.24576950913
601|SG|Norman Powell|3990.78654498478
602|PF/C|Dwight Powell|3801.42952288362
603|PG|Russ Smith|NA
604|PG|Langston Galloway|3494.86342691696
605|PG|Casper Ware|NA
606|F-C/C|Joffrey Lauvergne|3261.18665687549
607|C|Jusuf Nurkic|5505.62166622796
608|SG|Gary Harris|6021.4695439951
609|PG|Erick Green|NA
610|SG|Nick Johnson|NA
611|G|Jabari Brown|NA
612|PF|Noah Vonleh|3123.64165885721
613|C|Willie Cauley-Stein|4811.76075103682
614|C|Karl-Anthony Towns|9900.6381541289
615|PF|Nemanja Bjelica|3164.79802198119
616|PF|Julius Randle|6772.39860590812
617|PG|D'Angelo Russell|6500.17334512574
618|PG|Marcelo Huertas|2794.71255898415
619|PF|Cameron Bairstow|NA
620|SF|TJ Warren|5417.88816990447
621|PG|Mustafa Shakur|NA
622|PF|James Michael McAdoo|2836.88490966594
623|SF|JaKarr Sampson|3043.75710041894
624|C|Jerome Jordan|NA
625|PG|Will Cherry|NA
626|C|Alex Kirk|NA
627|SG|Zoran Dragic|NA
628|PF|Jarnell Stokes|2842.47227744199
629|F|Adonis Thomas|NA
630|PF/C|Myles Turner|6559.71444326853
631|SG/SF|Justin Anderson|3389.55822975734
632|SG|Rashad Vaughn|3082.37430665203
633|PF|Kristaps Porzingis|8274.91824492984
634|PG|Jerian Grant|4088.21754950979
635|SG|Jonathon Simmons|3963.13862541082
636|SG|Devin Booker|6788.049036124
637|SG|Pat Connaughton|3093.886738865
638|PG|Cameron Payne|3348.07132054598
639|PF|Larry Nance Jr.|4700.33261083524
640|SF|Anthony Brown|3073.76255826093
641|C|Frank Kaminsky|4064.30046520817
642|PF|Bobby Portis|4384.19884764589
643|C|Melvin Ely|NA
644|PF|Shayne Whittington|NA
645|SG|Devyn Marble|NA
646|SF|Bruno Caboclo|2733.47413125448
647|C|Lucas Nogueira|3514.03567337349
648|SG|James Young|2682.81717108952
649|PG|Spencer Dinwiddie|5147.60492742308
650|SG|Rodney Hood|4953.56134548936
651|C|Clint Capela|6176.07598520927
652|SF|Jerami Grant|3419.28977795988
653|SG|Andre Dawkins|NA
654|PF|Mitch McGary|NA
655|PF|Furkan Aldemir|NA
656|SG|Elijah Millsap|NA
657|PG|Larry Drew|NA
658|SF|Shane Edwards|NA
659|PF|Grant Jerrett|NA
660|SG|Patrick Christopher|NA
661|C|Boban Marjanovic|3391.1622351408
662|SG|Sasha Vujacic|2720.72126101702
663|SG|Jordan McRae|3400.37461471203
664|C|Sasha Kaun|NA
665|SG|Aaron Harrison|2984.63054476306
666|SG|Henry Walker|NA
667|G|Bryce Cotton|NA
668|F|Jack Cooley|3075.78290565871
669|F|Jerrelle Benimon|NA
670|PF|Eric Moreland|3360.71278753343
671|G/SG|Sean Kilpatrick|4220.73697926464
672|PG|Terry Rozier|3432.63354000677
673|PG|Tyus Jones|3454.51627675407
674|PF/C|Cristiano Felicio|3093.41975548219
675|PF|Montrezl Harrell|3791.97516075892
676|SF/SG|Darrun Hilliard|3276.69626371935
677|PF|Justin Harper|3188.08595119044
678|PF|Willie Reed|3403.70581527166
679|PG|Raul Neto|2747.79904619228
680|PF|Trey Lyles|3583.9692426947
681|SF|Kelly Oubre|NA
682|G|David Stockton|NA
683|C|Walter Tavares|NA
684|C|Salah Mejri|3380.85192326355
685|PF|David Wear|NA
686|SG|Jerel McNeal|NA
687|C|Sim Bhullar|NA
688|SG|Glenn Robinson III|3480.91140164227
689|SG|Rodney McGruder|3446.14523021375
690|SG|Josh Richardson|5539.4341057546
691|SF|Brandon Ingram|4514.08998823759
692|PG|Isaiah Whitehead|3408.13284913172
693|SF|Rondae Hollis-Jefferson|5152.59113338145
694|SG|Caris LeVert|4533.80497834518
695|SG|JR Smith|3865.92159104141
696|PG|Kay Felder|3328.86582179575
697|C|Tibor Pleiss|NA
698|C|Jahlil Okafor|4427.34147118734
699|PG|TJ McConnell|NA
700|PF|Richaun Holmes|4693.9402118012
701|PF|Christian Wood|2858.75372732989
702|SF|Stanley Johnson|3326.68350082921
703|SF|Damien Inglis|NA
704|PG|Emmanuel Mudiay|4667.10326142297
705|C/PF|Nikola Jokic|8720.33811892145
706|SF|Sam Dekker|3119.10547110809
707|SG|Luis Montero|2768.49666475318
708|SG|Sonny Weems|NA
709|PG|Joe Young|2859.3110277053
710|PF|Royce White|NA
711|SG|Scotty Hopson|2922.63015992939
712|SF|Troy Williams|3371.45557311702
713|SG|Andrew Harrison|3947.47140226806
714|PF|Jarell Martin|3627.27360067341
715|PG|Wade Baldwin IV|2891.85323443427
716|SG|Malachi Richardson|3174.40246380866
717|PF|Skal Labissiere|3725.39821319821
718|PF|Kyle Wiltjer|3156.82912303756
719|PF|Dorian Finney-Smith|2970.41373399348
720|SF|Nicolas Brussino|2948.82895186929
721|C|AJ Hammons|3116.60203314386
722|PG|Jonathan Gibson|3124.67857417651
723|PF|Domantas Sabonis|4286.1298121142
724|PG|Semaj Christon|3094.43969614522
725|SG|Alex Abrines|3382.89561047086
726|PF|Josh Powell|NA
727|PG|Sergio Rodriguez|4120.25480738403
728|PF|Dario Saric|5470.23802336989
729|PG|T.J. McConnell|4644.77107865123
730|PF|Davis Bertans|3157.33935983541
731|PF|Marquese Chriss|3724.32492482476
732|PF|Dragan Bender|3631.18478901346
733|PG|Tyler Ulis|4382.13775232052
734|PG|C.J. Watson|2851.83664354421
735|SG|Tim Quarterman|2623.56139420428
736|SF|Jake Layman|3251.37407615781
737|PG|Malcolm Delaney|3380.44952457465
738|SF|Taurean Prince|4169.27125841064
739|PG|Kalin Lucas|NA
740|SG|RJ Hunter|2773.49189082161
741|PG|Nicolas Laprovittola|2748.2016265858
742|PG|Dejounte Murray|3784.52975215473
743|SG|Bryn Forbes|3439.80850818022
744|SF/PF|Kevon Looney|3069.41271800801
745|PF|Pascal Siakam|3397.5787293911
746|C|Jakob Poeltl|3180.61044297845
747|SF|Otto Porter Jr.|5883.81151613175
748|SF|Kelly Oubre Jr.|4153.84722875515
749|SG|Tomas Satoransky|3741.15498481954
750|SF|Timothe Luwawu-Cabarrot|3514.74243838034
751|PG|Delon Wright|3848.75144425757
752|PF|Jordan Mickey|3413.87598668722
753|SF|Paul Zipser|3349.99560788635
754|PG|Kris Dunn|4877.35367799747
755|SG|Jamal Murray|4666.49791295497
756|PF|Juan Hernangomez|3585.6437812501
757|C|Ivica Zubac|3534.53943338467
758|PG|Pierre Jackson|3241.85106209479
759|PF|Henry Ellenson|3359.80972809654
760|SG|Buddy Hield|4504.68188896371
761|PG|Yogi Ferrell|4205.57484372468
762|SG|Patrick McCaw|3207.81542201459
763|PF|Alex Stepheson|NA
764|C|Deyonta Davis|2974.65664203301
765|SG|Michael Gbinije|2788.20472648367
766|SF|Jaylen Brown|4504.56112370808
767|PF|Chris McCullough|2753.82711729035
768|PF|Georges Niang|3209.45589873008
769|SF|Mindaugas Kuzminskas|2951.52047596112
770|SG|Malcolm Brogdon|4455.59609221558
771|PF|Thon Maker|3353.04914299666
772|C|Stephen Zimmerman|2764.51277788728
773|SG|Denzel Valentine|4202.19307550079
774|C|Damian Jones|2548.75822045895
775|PF|Cheick Diallo|3316.58991831068
776|SG|Marcus Georges-Hunt|2871.13241208717
777|SG|Luke Kennard|3304.11814570796
778|PF|Cliff Alexander|NA
779|SG|Treveon Graham|2960.83023065701
780|PG|Fred VanVleet|3355.6065151283
781|C|Willy Hernangomez|4291.49627935302
782|PF|Maurice Ndour|3255.96229908913
783|C|Marshall Plumlee|2883.79181656055
784|PF|Rakeem Christmas|3081.39164121822
785|SG|Malik Beasley|2838.15203468696
786|PF|Joel Bolomboy|2888.65626660176
787|SF|DeAndre' Bembry|3113.51126981599
788|C|Joel Embiid|8660.58595182329
789|F|Bryce Dejean-Jones|NA
790|SF|Thanasis Antetokounmpo|NA
791|SG|Jarell Eddie|3140.93431443907
792|SG|Ron Baker|3269.6852528149
793|C|Daniel Ochefu|2996.91880496381
794|SF|James Ennis III|3889.08026520481
795|PG|Demetrius Jackson|2775.6031381432
796|PF|Alan Williams|4430.01615344537
797|SF|Derrick Jones Jr.|3363.71667346393
798|PG|Ben Simmons|9242.47249333933
799|C|Jarrett Allen|3606.81352255633
800|SG|Brandon Paul|3570.76081550399
801|PF|Bam Adebayo|3876.86748558772
802|PF|Okaro White|2985.43985146359
803|PF|TJ Leaf|2984.1593454263
804|C|Ike Anigbogu|3193.91087600961
805|SF|Alex Poythress|2978.59915510648
806|SF|Josh Huestis|2945.63393198675
807|SG|Terrance Ferguson|2948.61741839319
808|SF|Dillon Brooks|4314.64689217267
809|PG|Dennis Smith Jr.|5457.18444839635
810|PG|J.J. Barea|4866.76193909127
811|SG|Donovan Mitchell|6677.80331087374
812|SG|Sheldon McClellan|2743.40334612813
813|C|Diamond Stone|2905.55781517178
814|PG|Bobby Brown|3020.58615997643
815|PG|Keith Appling|NA
816|SF|Branden Dawson|NA
817|SG|Axel Toupane|3088.37269323412
818|PG|Briante Weber|2755.14134215191
819|PG|Xavier Munford|2833.20299307816
820|SG|John Holland|3051.96174460209
821|SF|Cedi Osman|3112.14858077827
822|PG|Frank Ntilikina|3739.20495783377
823|SG|Damyean Dotson|2981.52273824438
824|PF|Lauri Markkanen|5579.87142767725
825|PG|David Nwaba|3561.24134456167
826|SF|Royce O'Neale|3276.94019726889
827|PG|Gary Payton II|2853.78569597632
828|PF|D.J. Wilson|2892.01054042205
829|PG|Derrick White|3214.23282296164
830|SF|Josh Jackson|4383.44683470176
831|SG|Danuel House|3156.70072092729
832|C|Zach Collins|3494.36932533599
833|SF|OG Anunoby|3630.54905440413
834|SG|Bogdan Bogdanovic|4945.66157920797
835|PG|De'Aaron Fox|4954.64277042999
836|SF|Justin Jackson|3096.47485025583
837|PG|Frank Mason|3738.79446225354
838|SF|Jayson Tatum|5883.02652646957
839|PF|Semi Ojeleye|2968.70311997815
840|PF|Daniel Theis|3284.39274927226
841|F|Maxi Kleber|3473.62980490584
842|SG|Antonius Cleveland|3200.69752698764
843|SG|Furkan Korkmaz|3266.67408007197
844|C|Georgios Papagiannis|3092.895001093
845|F|Jarrod Uthoff|3084.30725396611
846|PG|Isaiah Taylor|3009.34379528518
847|PF|Chinanu Onuaku|2964.18434651569
848|G|Wayne Selden|3155.24185834861
849|PF|Shawn Long|3798.63835796714
850|F|J.J. O'Brien|NA
851|SG|Patricio Garino|3020.29323340394
852|PF|Coty Clarke|NA
853|PG|Chasson Randle|3288.90824190378
854|PG|Quinn Cook|3011.95085039944
855|SG|Torrey Craig|3266.40502911061
856|PF|John Collins|5145.99710538928
857|SG|Tyler Dorsey|3347.66373016764
858|PF|Johnny O'Bryant III|3262.49972814694
859|PF|Kyle Kuzma|5698.77241436512
860|SG|Alex Caruso|3185.56305498001
861|SG|Josh Hart|3946.33874596597
862|C|Tony Bradley|2740.73994099163
863|SG|Sindarius Thornwell|3257.85939019929
864|PG|Jawun Evans|3104.22050777823
865|SF|Andrew White|3031.93206080468
866|SG|Trey McKinney-Jones|3009.14387837984
867|SG|Malik Monk|3651.19015049355
868|SG|Dwayne Bacon|3431.39712040604
869|SG|Sterling Brown|3133.94108299306
870|PF|Ante Zizic|3136.38548712375
871|PF|Ivan Rabb|2981.1701265513
872|C|Edy Tavares|3075.94936746173
873|PF|Duje Dukan|NA
874|F|Alfonzo McKinnie|3057.24111311138
875|SG|Antonio Blakeney|2856.85497273807
876|C|Dakari Johnson|3145.70838819258
877|PF|Caleb Swanigan|3497.37905675888
878|PG|Walter Lemon Jr.|2820.38564491086
879|SG|Tyrone Wallace|4305.12079968436
880|PG|Milos Teodosic|5207.12743501715
881|PF|Tyler Cavanaugh|3409.43389337895
882|PG|Kobi Simmons|3444.35377284501
883|SG|C.J. Williams|3100.83863687515
884|SG|Wes Iwundu|3077.49519223125
885|C|Khem Birch|3083.05516653636
886|PG|Kyle Collinsworth|3236.42794654006
887|SF|Jalen Jones|3011.77663472481
888|SG|Daniel Hamilton|3144.63226287626
889|PG|PJ Dozier|2971.94664585404
890|C|Thomas Bryant|2798.44531109557
891|PG|London Perrantes|3251.53369820118
892|SF|Abdel Nader|3222.75733198039
893|PG|Milton Doyle|3043.73404397629
894|PF|Alec Peters|3103.68200903758
895|SF|James Webb III|3119.55783753656
896|PG|Ryan Arcidiacono|3171.23231124133
897|SF|Nigel Hayes|3284.54559347592
898|SF|Jonathan Isaac|3556.95071946413
899|SG|Gian Clavell|3051.25403319885
900|PF|Jordan Bell|3760.72779398046
901|PG|Lonzo Ball|6801.48025927622
902|PG|Markelle Fultz|5625.84889257948
903|PG|Monte Morris|2842.5821101293
904|PF|Juancho Hernangomez|NA
905|SF|Erik McCree|3138.63552594557
906|PF|Zhou Qi|3158.53745550849
907|PG|Derrick Walton Jr.|3109.24854241312
908|SF|Derrick Jones Jr.|3041.27056523281
909|SF|Jacob Wiley|3109.22459685244
910|SF|Jamil Wilson|3065.17402058095
911|F|Brice Johnson|3230.05439481349
912|SF|Malcolm Miller|3118.87131608091
913|PG|Shaquille Harrison|2798.30554523505
914|G|Jaylen Morris|3080.73672037572
915|PF|Guerschon Yabusele|2771.38489075005
916|SF|Vincent Hunter|3012.96779117547
917|SG|Jamel Artis|2902.03653112985
918|PF|Mangok Mathiang|2926.57161187381
919|F|Josh Gray|3644.54191445722
920|SG|Davon Reed|3082.43577478919
921|PF|Luke Kornet|3446.29195168614
922|PF|Johnathan Motley|2954.70245336182
923|SF|Myke Henry|3211.72867179848
924|SG|Charles Cooke|2801.69195090421
925|PF|Isaiah Hicks|3213.58317411505
926|PG|Jacob Pullen|2844.53613054939
927|PG|Josh Magette|3215.37510068156
928|PG|Larry Drew II|3168.97703194991
929|PF|Ben Bentil|3062.77217064053
930|SG|Kadeem Allen|2900.53295614198
931|PF|Tyler Lydon|2980.64611083828
932|SF|Matt Costello|2709.45919831283
933|SG|Jabari Bird|3249.21477008611
934|SG|Xavier Rathan-Mayes|3776.83646320365
935|SG|Matt Williams Jr.|3133.21295552887
936|SG|Reggie Hearn|3002.34424844384
937|C|Mike Tobey|2830.74777983129
938|PG|Marcus Paige|2854.68163741753
939|PF|Ben Moore|3107.27217597887
940|PG|Naz Mitrou-Long|NA
941|SF|Andrew White III|3338.02947579883
942|SG|Rodney Purvis|NA
943|PF|Jameel Warney|NA
944|SG|Damion Lee|NA
945|PF|Chris Boucher|NA
946|G|Xavier Silas|NA
947|C|Justin Patton|NA
